"","time","N2O.Dry","N2O.corr","d15N","d15N.alpha","d15N.alpha.corr","d15N.beta","d15N.beta.corr","Cavity.temp"
"1",2010-03-02 10:11:46,235.353912,226.918671,6306,791,2435,3645,6554,50.747227
"2",2010-03-02 10:12:46,340.91935725,331.635399,7652,3048.5,7662.5,7636.5,55.75,51.83408875
"3",2010-03-02 10:13:46,302.05457325,295.657806,7648.25,3035.5,7649.5,7561.75,3744.25,48.1051615
"4",2010-03-02 10:14:46,293.2479245,281.495911,7627.5,3002.5,7616.5,7538.5,4654,55.046774
"5",2010-03-02 10:15:46,328.864746,321.2984925,5739,2290,5751.25,5575,6005.5,49.604616
"6",2010-03-02 10:16:46,343.7328795,328.595993,3577,994,3064,3572.5,4435.5,59.4146465
"7",2010-03-02 10:17:46,326.44210075,319.5900575,5489,3041,7655,3935.75,4965.25,48.6822435
"8",2010-03-02 10:18:46,325.86676,316.635315,7643,2991,7605,92,7642,51.768097
"9",2010-03-02 10:19:46,338.56493375,329.33094,6409.75,2970.25,7584.25,3797.25,6772.25,51.76371375
"10",2010-03-02 10:20:46,345.4045105,336.162628,1094.5,571,1603.5,1746,6595.5,51.772625
"11",2010-03-02 10:21:46,343.2049255,333.95488,1817.75,1426.5,4916.5,5700,6683,51.78421425
"12",2010-03-02 10:22:46,340.180634,330.9263,9,571,1493,7661,7152,51.79187
"13",2010-03-02 10:23:46,339.42980975,330.171196,1328.75,1563.25,5176.25,7641.75,7164,51.796691
"14",2010-03-02 10:24:46,340.9802184,331.7191042,1248.4,1179.4,4045.4,7555.2,6749.8,51.7986904
"15",2010-03-02 10:25:46,342.746368,333.4888,678,977,3256,7591,6697,51.796295
"16",2010-03-02 10:26:46,343.5636595,334.31076075,413.25,944.25,3088,6519.75,6706.25,51.7905505
"17",2010-03-02 10:27:46,344.62812825,335.38068375,1630,770.75,2348.5,2880.25,6621.25,51.7832985
"18",2010-03-02 10:28:46,344.4462125,335.204422,2311.5,754,2280.5,4623,6584,51.7755855
"19",2010-03-02 10:29:46,343.7534178,334.517468,2837.8,559.8,1474.2,6665.8,6564,51.7691468
"20",2010-03-02 10:30:46,343.99601725,334.77111075,2948.5,915.25,2954.5,5066.5,6579,51.76392725
"21",2010-03-02 10:31:46,344.4488985,335.2303005,4197.75,1132.75,3826,4771,6551.25,51.76042525
"22",2010-03-02 10:32:46,343.2121518,333.9964604,3396.4,663,1895.4,392.2,6560.8,51.7584916
"23",2010-03-02 10:33:46,338.004028,328.794067,4194,1098,3719,6862,6682,51.757866
"24",2010-03-02 10:34:46,333.761108,324.55284125,1733,688.75,1985.25,3698.25,7311.25,51.75784675
"25",2010-03-02 10:35:46,331.81958,322.613327,1568.5,491.5,1187,4272,7462,51.7582265
"26",2010-03-02 10:36:46,331.93337225,322.7279665,2293.5,965,3177,2921.75,7522.25,51.7586365
"27",2010-03-02 10:37:46,332.2974395,323.091568,3281,979,3214.5,5408.5,7365.5,51.7585295
"28",2010-03-02 10:38:46,332.4574526,323.2519654,2917,789.4,2431.2,5642.6,7323,51.7583028
"29",2010-03-02 10:39:46,332.433746,323.232346,1494.5,538,1492,6252.5,7446,51.758112
"30",2010-03-02 10:40:46,332.50840025,323.3082505,1936.5,654,1844,4392.75,7425.5,51.75771025
"31",2010-03-02 10:41:46,332.1468808,322.947937,2530.2,664.2,1903.2,5496.4,7379,51.7572456
"32",2010-03-02 10:42:46,331.76776125,322.569992,2625,735.75,2207.75,5305,7435.25,51.757044
"33",2010-03-02 10:43:46,332.4933855,323.297333,2467.75,772.25,2351.75,4813.75,7392,51.7571145
"34",2010-03-02 10:44:46,331.905136,322.7095035,2221,387,914,6344.5,7342,51.75682425
"35",2010-03-02 10:45:46,331.9598632,322.766333,3450.2,838.8,2660.8,6539.8,7318.6,51.7564396
"36",2010-03-02 10:46:46,332.8686755,323.678337,1784.75,337.25,697.75,5619.25,7271.25,51.7559565
"37",2010-03-02 10:47:46,331.498779,322.31192,2607,659,1877,5662,7444,51.755852
"38",2010-03-02 10:48:46,330.709694,321.52685525,1297.25,432.5,954,4079,7549.5,51.754712
"39",2010-03-02 10:49:46,331.206421,322.027649,1372,348,674,4650,7519,51.752533
"40",2010-03-02 10:50:46,331.176178,321.998901,3326,743,2239,6741,7397,51.750832
"41",2010-03-02 10:51:46,332.579376,323.401398,2661,412,886,7093,7166,51.750366
"42",2010-03-02 10:52:46,333.3316805,324.1524355,2949.5,882.5,2839.5,5215.5,7221,51.7502935
"43",2010-03-02 10:53:46,334.107803,324.927841,2475.5,889,2855.5,4288.5,7203.5,51.7514895
"44",2010-03-02 10:54:46,334.622574,325.4412535,3407,706,2074.5,3580,6839.5,51.752493
"45",2010-03-02 10:55:46,333.76748625,324.58544175,2605,750.75,2257.75,5169,7175.5,51.75340175
"46",2010-03-02 10:56:46,334.428108,325.24522375,2871.5,574.25,1515.5,1470.25,6904.75,51.7533645
"47",2010-03-02 10:57:46,334.274963,325.092865,1381,550,1423,3745,7240,51.753052
"48",2010-03-02 10:58:46,335.228455,326.045135,2185,589,1588,5139,6915,51.752769
"49",2010-03-02 10:59:46,334.7918395,325.609375,3071,869.5,2765,5603,6957,51.752178
"50",2010-03-02 11:00:46,334.839935,325.657196,2960,896.5,2908,5191.5,6976.75,51.7511965
"51",2010-03-02 11:01:46,335.557434,326.374756,1010,412,883,3566,7050,51.751228
"52",2010-03-02 11:02:46,335.1826475,325.99993875,2416.25,516.75,1355.25,6051.75,6827,51.7513125
"53",2010-03-02 11:03:46,334.842018,325.65981325,2868.75,621.75,1719.25,6459,6843,51.751444
"54",2010-03-02 11:04:46,335.412132,326.23011775,2739.5,711.5,2137.25,5687,6845,51.75113975
"55",2010-03-02 11:05:46,334.96600375,325.7842175,3127.25,793.5,2463,6065.5,6860.75,51.7504185
"56",2010-03-02 11:06:46,334.98350525,325.8028715,2542.5,778,2388.75,4958.25,6972.5,51.74936225
"57",2010-03-02 11:07:46,335.4054504,326.2236084,2973,644.8,1822.2,6524.8,6781,51.7492646
"58",2010-03-02 11:08:46,335.462433,326.280838,2174,440.5,1148.5,2312,6874.5,51.7496015
"59",2010-03-02 11:09:46,335.088104,325.905731,2215,586,1579,5225,6923,51.750374
"60",2010-03-02 11:10:46,334.5989132,325.4180542,1112.2,349.8,678.8,4160.6,7148.2,51.75101
"61",2010-03-02 11:11:46,333.8734285,324.692978,2503.5,712,2095.5,5194.5,7137.5,51.7512915
"62",2010-03-02 11:12:46,333.925888,324.745903,2234.25,433.5,971.75,6100,7039.5,51.75119075
"63",2010-03-02 11:13:46,333.48999,324.31012,3039,843,2642,5591,7168,51.750961
"64",2010-03-02 11:14:46,334.1033692,324.923871,2920.6,717.4,2133.8,6052.6,7008.2,51.750102
"65",2010-03-02 11:15:46,334.0176165,324.8387525,2162,470.75,1125,5742.75,7057.25,51.749265
"66",2010-03-02 11:16:46,334.671753,325.491943,2545,539,1378,6192,6885,51.748749
"67",2010-03-02 11:17:46,334.594528,325.4148255,1923.5,411.5,999.5,5502.5,6984.5,51.748806
"68",2010-03-02 11:18:46,334.85009,325.670082,2089.75,716.25,2121.25,4305.75,7070.5,51.749237
"69",2010-03-02 11:19:46,335.2782656,326.0971436,2470.2,471.2,1159.8,4974.2,6795.6,51.7492382
"70",2010-03-02 11:20:46,335.5042575,326.3226925,1261.5,270,467.5,4793,6891.5,51.749071
"71",2010-03-02 11:21:46,335.2347658,326.0533754,2177.6,302.4,571.8,6704.6,6787.6,51.7499402
"72",2010-03-02 11:22:46,334.361053,315.080505,4768,1331,4622,6982,2244,64.842087
"73",2010-03-02 11:23:46,334.116814,314.8369825,4295.25,1250.75,4309.5,4533.5,2246,64.84161975
"74",2010-03-02 11:24:46,334.6931685,315.41321525,4351.25,1259.25,4343,6348.5,2235.75,64.841381
"75",2010-03-02 11:25:46,335.29890475,316.01929475,5285.5,1406.25,4839,1005.75,2174.75,64.84179525
"76",2010-03-02 11:26:46,335.960144,316.6805265,3503,1090,3700,5315,2186.5,64.8421785
"77",2010-03-02 11:27:46,335.779968,316.50177,5540,1621,5374,832,2141,64.8423
"78",2010-03-02 11:28:46,335.82785,316.549866,4481,989,3304,1031,2124,64.842255
"79",2010-03-02 11:29:46,335.5239715,316.249527,5131,1302.5,4454,4330.5,2153.5,64.8415645
"80",2010-03-02 11:30:46,335.32665275,316.05342075,4918.25,1081.25,3579.75,1453,2156.75,64.8410645
"81",2010-03-02 11:31:46,335.33301575,316.0603565,4278,1126.75,3839.25,5088.25,2192.75,64.841909
"82",2010-03-02 11:32:46,336.008621,316.73648825,4755.75,1176.25,4002.75,2575.5,2115.5,64.8421325
"83",2010-03-02 11:33:46,336.584137,317.312744,5386,1294,4479,1571,2068,64.841812
"84",2010-03-02 11:34:46,338.210327,318.940704,4464,1299,4495,6406,2051,64.841515
"85",2010-03-02 11:35:46,340.200348,320.931366,5825,1809,5793,864,2023,64.841537
"86",2010-03-02 11:36:46,341.223846,321.956024,5117,1240,4291,1231,1986,64.841461
"87",2010-03-02 11:37:46,341.081543,321.8160175,4393.5,1364.75,4699.25,4145.75,2015.25,64.84176425
"88",2010-03-02 11:38:46,341.572113,322.306671,4829,1269,4339,3762,1987,64.841953
"89",2010-03-02 11:39:46,342.0118898,322.7461914,5212.2,1407,4869,832.2,1965,64.8417802
"90",2010-03-02 11:40:46,342.332703,323.069458,4353,1219,4214,6560,1970,64.841087
"91",2010-03-02 11:41:46,342.4602416,323.196167,4428.6,971.2,3235.4,946,1942.8,64.8406314
"92",2010-03-02 11:42:46,342.900574,323.63666525,3388.5,921.5,2972,4239.75,1951,64.840437
"93",2010-03-02 11:43:46,344.538208,325.272675,4777,1427,4921,6470,1894,64.840668
"94",2010-03-02 11:44:46,346.130722,326.8639225,4663,1216.5,4199,3832,1848,64.8411025
"95",2010-03-02 11:45:46,346.540115,327.271851,4240,1189.5,4090,2994.5,1839,64.841568
"96",2010-03-02 11:46:46,347.102936,327.832916,5201,1188,4091,1532,1764,64.842003
"97",2010-03-02 11:47:46,347.2685625,327.996742,4910,1294.25,4480.5,2330.25,1778.75,64.84220325
"98",2010-03-02 11:48:46,347.502576,328.2310912,4670,1134.4,3875,3546,1761.8,64.8420652
"99",2010-03-02 11:49:46,347.35335575,328.081238,5017,1295.5,4489.25,2495,1773.75,64.84186925
"100",2010-03-02 11:50:46,347.23873125,327.96633125,4134.75,1222,4227.5,4296.5,1811.25,64.8413965
"101",2010-03-02 11:51:46,348.079643,328.80599975,4289.5,971.75,3214.75,2464,1738.5,64.8408245
"102",2010-03-02 11:52:46,348.42185225,329.14917725,4465.25,1192.5,4069.25,5285.75,1735.25,64.84011075
"103",2010-03-02 11:53:46,348.5827028,329.3091184,5430.6,1542.2,5197.2,872,1719.6,64.8405046
"104",2010-03-02 11:54:46,348.66423075,335.51021575,2362.5,720.5,2128.5,4860.25,444.5,56.91070475
"105",2010-03-02 11:55:46,348.283284333333,335.128560333333,2475.33333333333,767.666666666667,2346,4922.66666666667,459,56.9110553333333
"106",2010-03-02 11:56:46,348.081726,334.927307,2811,1069,3615,4101,476,56.912483
"107",2010-03-02 11:57:46,348.5147522,335.3591856,2709.4,902.8,2899.4,4630.8,456.6,56.9130496
"108",2010-03-02 11:58:46,348.9558774,335.8005616,2739.4,999.4,3332.8,4305.8,449.2,56.9127672
"109",2010-03-02 11:59:46,349.09859,335.9427246,3390.6,1126,3836.4,4864.2,426.2,56.9124382
"110",2010-03-02 12:00:46,349.266228,336.11077925,3182,629.5,1757.25,1808.75,371.75,56.9116565
"111",2010-03-02 12:01:46,349.534637,336.37793,4852,1017,3418,1475,348,56.911263
"112",2010-03-02 12:02:46,349.83328275,336.67903925,3623.75,962.75,3183,6251,363.75,56.911437
"113",2010-03-02 12:03:46,350.189392,320.028473,6471,1885,5962,2226,3605,78.955505
"114",2010-03-02 12:04:46,349.87266525,319.713585,5950.25,1794.75,5763,1288.75,3668,78.95558
"115",2010-03-02 12:05:46,350.111926,319.9529908,6359.8,2044.2,6282,1655,3636,78.955321
"116",2010-03-02 12:06:46,350.162247,320.003525,6699,2081.5,6341.5,2373,3600.5,78.955334
"117",2010-03-02 12:07:46,350.064117,319.904388,6907,2163,6514,2777,3579,78.955482
"118",2010-03-02 12:08:46,350.84593225,320.68804125,6485.5,1973.5,6136.75,2046,3542.75,78.955982
"119",2010-03-02 12:09:46,350.581848,320.425201,5988,1702,5550,1707,3594,78.955215
"120",2010-03-02 12:10:46,350.77153,320.61418925,6347.25,1808,5790.5,2126.75,3539.75,78.9546795
"121",2010-03-02 12:11:46,350.9211794,320.7639586,6727,2104.4,6405.8,2355.6,3511.8,78.954884
"122",2010-03-02 12:12:46,351.2873535,321.130722,5873,1785,5741.5,1043,3530,78.955051
"123",2010-03-02 12:13:46,350.96852125,320.812149,6272,1957.25,6108,1633.25,3547.25,78.955168
"124",2010-03-02 12:14:46,351.23015625,321.0744855,6433.5,1905.5,6001.75,2124.5,3481,78.95501125
"125",2010-03-02 12:15:46,351.581894,321.4262695,6701,1955,6109.5,2590.5,3426.5,78.9549945
"126",2010-03-02 12:16:46,351.659576,321.504608,5744.5,1693.75,5539.75,1150.75,3480.75,78.95494275
"127",2010-03-02 12:17:46,352.116058,321.962769,6703,1974,6156,2551,3402,78.95475
"128",2010-03-02 12:18:46,352.09982275,321.9484865,6170.25,1846,5874,1662.75,3428.5,78.95420475
"129",2010-03-02 12:19:46,352.9655915,322.81575,6572,1975.5,6152.5,2235.5,3390.5,78.9542465
"130",2010-03-02 12:20:46,353.45989975,323.3097765,6464.5,2010.75,6230,1956.25,3383.5,78.95499775
"131",2010-03-02 12:21:46,354.137482,323.98703,6307,2030,6267,1461,3372,78.955467
"132",2010-03-02 12:22:46,355.420418,348.365486,3362.25,865.75,2763.5,6208.75,4940.25,49.019106
"133",2010-03-02 12:23:46,356.94767025,342.009361,2329.5,688,1998.5,3320,1066.5,59.237473
"134",2010-03-02 12:24:46,357.0467985,342.108078,4709,1187,4083.5,637.5,1000.5,59.2374515
"135",2010-03-02 12:25:46,356.8679508,341.9300106,2870.4,675.2,1940.2,6138.6,1044.6,59.2376638
"136",2010-03-02 12:26:46,355.89584375,340.95772575,4183.75,1052,3529.25,1857.25,1079.25,59.23760825
"137",2010-03-02 12:27:46,356.569672,341.63147,4082,1064,3599,6748,1049,59.237671
"138",2010-03-02 12:28:46,356.894806,341.958527,3783,1198,4141,5353,1063,59.238739
"139",2010-03-02 12:29:46,357.618073,342.681244,4527,975,3245,1151,969,59.238899
"140",2010-03-02 12:30:46,357.375198,342.4381865,3120.5,1022.5,3385.25,5037,1048.25,59.23954225
"141",2010-03-02 12:31:46,358.57078575,343.63277425,4014.5,1108,3718.25,6393.5,962.5,59.23960975
"142",2010-03-02 12:32:46,359.16498575,344.22694375,5162,1379.75,4735.5,2627.5,899,59.24030025
"143",2010-03-02 12:33:46,359.4362715,344.49893925,3672.25,881.25,2831.75,6813.75,908.75,59.24016925
"144",2010-03-02 12:34:46,358.95138525,344.0154265,3755.5,1027.25,3448.5,4471.75,946.5,59.24024125
"145",2010-03-02 12:35:46,359.03607925,344.100418,3275,896.5,2878,5849.5,945.5,59.23967825
"146",2010-03-02 12:36:46,359.066345,344.132721,4420,1406,4867,5714,947,59.238731
"147",2010-03-02 12:37:46,360.955109,346.018921,4665,1223,4233,369,867,59.238945
"148",2010-03-02 12:38:46,362.005035,347.069,1960,858,2710,3437,876,59.238876
"149",2010-03-02 12:39:46,362.9727705,348.0355605,3658,1177.75,3916,5234.25,847,59.23937975
"150",2010-03-02 12:40:46,363.21328,348.274536,4938.25,1592.5,5306.75,5896.25,830,59.23999375
"151",2010-03-02 12:41:46,364.1672515,349.227417,4125,1185,4059,6235,787,59.240345
"152",2010-03-02 12:42:46,363.971008,349.0310665,4214.5,1510.5,5111.5,4740,824,59.240126
"153",2010-03-02 12:43:46,363.908249,348.9662475,4527.5,1408.5,4829,6009.5,801.5,59.2399925
"154",2010-03-02 12:44:46,364.4279705,349.4850845,4432.5,1142.75,3909.5,5307.25,752,59.24014375
"155",2010-03-02 12:45:46,365.087433,350.144928,2121,950,3139,3239,807,59.240486
"156",2010-03-02 12:46:46,365.8528135,350.90830975,2975.25,996,3284.25,4787.25,739.25,59.241255
"157",2010-03-02 12:47:46,366.49001325,351.5449295,3670.5,1142.25,3911.5,5364.5,688.25,59.24191525
"158",2010-03-02 12:48:46,365.98994475,351.045395,4322,1128.75,3709.25,5410.5,674.5,59.24302025
"159",2010-03-02 12:49:46,365.7702454,350.8253722,3654.6,1089.8,3688.4,5611.4,726.8,59.24364
"160",2010-03-02 12:50:46,365.4943085,350.5494845,4849,1458.5,4764,3043.5,719,59.2439365
"161",2010-03-02 12:51:46,365.521881,350.5765075,4712.5,1437.5,4824,3105.5,715,59.244118
"162",2010-03-02 12:52:46,366.620758,293.9658205,7409.5,2839.5,7440,3317,6375,134.045784
"163",2010-03-02 12:53:46,367.5467375,294.8907775,7486,2864.5,7469.5,3523,6345,134.045181
"164",2010-03-02 12:54:46,369.277008,296.6208495,7401,2821.5,7418.5,3316.5,6293,134.0449825
"165",2010-03-02 12:55:46,370.236252,297.5794375,7460.5,2816,7410.5,3562,6256.5,134.045639
"166",2010-03-02 12:56:46,369.135208,296.480484,7437.5,2826.5,7424,3445,6296.5,134.046173
"167",2010-03-02 12:57:46,366.48293275,293.82975,7516.25,2908,7517,3521.25,6376.5,134.04658875
"168",2010-03-02 12:58:46,366.17757425,293.5254135,7475,2900.5,7510,3395,6394,134.04698175
"169",2010-03-02 12:59:46,364.896576,292.2471925,7435.5,2837.75,7435,3428.5,6413.5,134.04598975
"170",2010-03-02 13:00:46,363.257797,290.6093905,7554,2909.25,7519.25,3709.5,6437.5,134.04421975
"171",2010-03-02 13:01:46,363.420441,290.772644,7444,2772,7360,3646,6431,134.042343
"172",2010-03-02 13:02:46,363.659821,291.012939,7516,2888,7496,3579,6423,134.040894
"173",2010-03-02 13:03:46,362.048737,353.412903,3280,522,1294,822,6156,51.067764
"174",2010-03-02 13:04:46,361.190796,340.467041,5589,1350,4676,1825,2089,66.735847
"175",2010-03-02 13:05:46,360.11679075,350.16951775,4883.75,1192,4108.75,2668.75,7199,52.76543675
"176",2010-03-02 13:06:46,359.8620755,349.91075125,3810.25,1030.5,3468.25,4621.25,7387.25,52.76723925
"177",2010-03-02 13:07:46,358.87677025,348.92591825,3762.75,895,2900.25,1776,7448,52.76962
"178",2010-03-02 13:08:46,355.6838225,345.7344055,3321,1194,4087.5,4400.5,7588.5,52.771511
"179",2010-03-02 13:09:46,353.80307,343.8513645,3658,1003.5,3321.5,6092,7596.5,52.773197
"180",2010-03-02 13:10:46,354.1505585,344.197601,1942,851.5,2680,3428,7623,52.774313
"181",2010-03-02 13:11:46,362.611389,252.5744705,7252,3024.5,7638.5,3767.5,1026.5,182.4504315
"182",2010-03-02 13:12:46,355.507874,344.388245,4830,1408,4876,6711,219,54.28315
"183",2010-03-02 13:13:46,358.678986,344.206329,4980,1307,4528,695,632,58.627769
"184",2010-03-02 13:14:46,363.383118,348.911194,4585,1457,4999,5836,603,58.626015
"185",2010-03-02 13:15:46,367.60556,353.13269,4757,1137,3889,969,558,58.624054
"186",2010-03-02 13:16:46,370.3584285,355.88506325,4143.25,1036.75,3497,5300.25,541.25,58.6223065
"187",2010-03-02 13:17:46,372.086922,357.61316675,4710.5,1056.25,3523.5,1181.5,511.75,58.62111575
"188",2010-03-02 13:18:46,373.00769,358.533478,4959,1314.5,4553.5,4049.5,501.5,58.6205635
"189",2010-03-02 13:19:46,373.180771,358.7053375,3298,910.5,2959,5827,513.5,58.620628
"190",2010-03-02 13:20:46,373.503662,352.6082155,5276.5,1301,4507.5,1363.5,1870,66.9407805
"191",2010-03-02 13:21:46,372.7450105,351.84973125,5366,1478,5043.25,961.25,1898.25,66.94246275
"192",2010-03-02 13:22:46,372.30881525,303.761467,7353.25,2749,7336.25,3181.25,5034,128.710686
"193",2010-03-02 13:23:46,371.884369,343.494324,5840,1795,5765,984,2924,76.658424
"194",2010-03-02 13:24:46,371.498077,339.548248,6744,2243,6659,2081,3540,81.274033
"195",2010-03-02 13:25:46,369.81543,337.862976,6377,1907,6005,1988,3690,81.275208
"196",2010-03-02 13:26:46,368.179993,353.69339,4049,1444,4963,4685,581,58.637276
"197",2010-03-02 13:27:46,367.973877,324.820557,7119,2474,7006,2856,4313,95.793205
"198",2010-03-02 13:28:46,367.75914025,324.60746775,7054,2391.75,6877.75,2812.5,4327.25,95.791693
"199",2010-03-02 13:29:46,367.235672,324.085434,7132,2479.5,7012.5,2886,4336.5,95.789982
"200",2010-03-02 13:30:46,363.8555905,357.9491575,1392,350,780.5,4396,4789,47.5149765
"201",2010-03-02 13:31:46,361.3965535,320.84346,6977.5,2252.75,6633.75,2844.5,4235.25,92.42305
"202",2010-03-02 13:32:46,360.4240542,352.6857176,2027.4,623,1731.2,4716.6,4984,49.8892884
"203",2010-03-02 13:33:46,360.0973756,334.1640686,5656.6,1628.2,5391.8,1098.4,2837.4,73.4727892
"204",2010-03-02 13:34:46,359.508118,325.2510375,6596.5,2047,6235.5,2254.5,3853,84.261646
"205",2010-03-02 13:35:46,358.6764985,322.4745945,6860.5,2361.5,6847.5,2191,3987.5,86.7818375
"206",2010-03-02 13:36:46,365.78987075,247.895031,7526,3014,7628,2047,1244,192.61737825
"207",2010-03-02 13:37:46,358.457855,314.05037675,7017.25,2463.5,6992.5,2506.5,4474,97.4214665
"208",2010-03-02 13:38:46,358.400314,334.23400075,5559.5,1812,5800.5,6715.75,2788.25,71.185783
"209",2010-03-02 13:39:46,358.6790615,334.511215,6243,1832.25,5843,1867.5,2759.75,71.1866495
"210",2010-03-02 13:40:46,358.975433,330.626251,5005,1377,4766,414,2963,76.606979
"211",2010-03-02 13:41:46,358.411499,340.085266,3138,1210,4183,4059,1619,63.614792
"212",2010-03-02 13:42:46,359.134003,354.78894,1296,152,200,5595,4116,45.490196
"213",2010-03-02 13:43:46,358.732788,342.029114,4295,1310,4537,5983,1388,61.511467
"214",2010-03-02 13:44:46,358.44985925,341.74576575,2889.5,945.5,3074,4941.5,1395.25,61.510299
"215",2010-03-02 13:45:46,358.516968,341.812848,4905.8,1238.8,4255,883,1366.4,61.5091026
"216",2010-03-02 13:46:46,358.45705425,341.7546235,4239,1440.25,4911.75,5201.5,1395.75,61.50840725
"217",2010-03-02 13:47:46,357.1689882,347.952295,2972.8,694.8,2043,6261,6482.6,51.8042036
"218",2010-03-02 13:48:46,355.75186125,346.5348815,1875,772,2355.25,3632.25,6510.25,51.80479025
"219",2010-03-02 13:49:46,354.574646,345.35697175,1984.5,584.5,1567,4801,6516.25,51.80638225
"220",2010-03-02 13:50:46,355.209976,347.90795875,2704,667.5,1914.25,5860.25,3220.25,49.3231485
"221",2010-03-02 13:51:46,356.6856005,346.04524225,2372.5,506.75,1260.5,5979.75,170,53.65185
"222",2010-03-02 13:52:46,357.4806825,346.8388365,2371.5,828,2584,4315,173.5,53.652668
"223",2010-03-02 13:53:46,358.006348,339.4242245,4341,1257.5,4215.5,3053.5,1631,63.944668
"224",2010-03-02 13:54:46,358.100281,344.9562535,3739.5,1060.5,3580,6018,393.5,56.895023
"225",2010-03-02 13:55:46,357.8171845,341.285095,3193,788,2437,6236.5,1295,61.2861615
"226",2010-03-02 13:56:46,356.801071,340.270447,5152.5,1219,4123.5,1321.5,1299,61.285759
"227",2010-03-02 13:57:46,356.2803805,339.750717,3981,1031,3439.5,6706,1331,61.285038
"228",2010-03-02 13:58:46,356.13777175,339.608894,4298.5,1338.75,4592.75,4033.25,1347.25,61.2842865
"229",2010-03-02 13:59:46,356.547699,329.500946,5714,1645,5436,1154,2913,74.915459
"230",2010-03-02 14:00:46,356.037811,313.885712,6795,2017,6245,2703,4366,94.493172
"231",2010-03-02 14:01:46,355.7953645,312.62932575,6410,2261.25,6479.25,3472,4031.25,95.80949425
"232",2010-03-02 14:02:46,355.4477695,294.3904725,7342.5,2734,7319.5,3127.5,4957,118.999672
"233",2010-03-02 14:03:46,355.853241,311.9392545,6937,2277,6717,2637,4442.5,96.777557
"234",2010-03-02 14:04:46,356.241348,317.411041,6517,2026,6224.5,2163,4123.5,90.187134
"235",2010-03-02 14:05:46,355.9487492,347.4226868,3130.4,882,2826.8,5583.4,6198.2,50.906823
"236",2010-03-02 14:06:46,355.50654625,346.98182675,2677.75,655,1877.5,5821.25,6202.75,50.905572
"237",2010-03-02 14:07:46,355.487805,322.6918462,5362.4,1561.2,5041.2,993.6,3326,82.3648252
"238",2010-03-02 14:08:46,355.099426,342.145172,3430,943,3110,5913,326,56.64624
"239",2010-03-02 14:09:46,354.770355,310.169678,7121,2535,7082,2723,4581,97.66568
"240",2010-03-02 14:10:46,353.461182,308.860748,7151,2380,6874,3043,4619,97.666069
"241",2010-03-02 14:11:46,353.0956805,285.626152,6691.5,2578,6915.5,4043.25,546,127.30946075
"242",2010-03-02 14:12:46,353.5582885,310.1571805,7096.5,2386,6884,2922.5,4519,96.1119385
"243",2010-03-02 14:13:46,353.0175935,304.866562,7122,2556,7109,2664,4750,102.2705955
"244",2010-03-02 14:14:46,352.2657625,304.115097,7270.5,2594,7156.5,3081.5,4756,102.2708205
"245",2010-03-02 14:15:46,351.879242,343.3323365,2568.5,565.5,1500.5,2594,6305,50.936016
"246",2010-03-02 14:16:46,352.364273,343.8175965,2092.75,582.75,1582.75,4923,6314.5,50.935456
"247",2010-03-02 14:17:46,352.02902225,337.17823775,4185.25,1043.25,3489.5,5230.75,1117,59.10686275
"248",2010-03-02 14:18:46,351.76919575,339.457817,3711,982.75,3237.75,6373.75,302.25,55.8158055
"249",2010-03-02 14:19:46,351.15640275,303.32825475,7105.25,2422,6934.25,2892,4741.5,101.85405125
"250",2010-03-02 14:20:46,350.63443,314.486328,6855,2247,6665,2452,4079,86.714752
"251",2010-03-02 14:21:46,350.884766,321.953369,5950,1645,5434,1791,3142,77.359619
"252",2010-03-02 14:22:46,350.551941,277.250244,7371,2785,7377,3216,6527,134.871719
"253",2010-03-02 14:23:46,350.498749,327.208038,5880,1377,4768,2213,2737,70.0467
"254",2010-03-02 14:24:46,350.060181,338.224213,1367,243,386,5160,271,55.200478
"255",2010-03-02 14:25:46,349.95164525,336.5927655,3171.75,640,1826.75,1721.75,2110,57.17299925
"256",2010-03-02 14:26:46,349.0328905,335.36795025,3696.75,1070.5,3614.25,5886.75,661,57.5712155
"257",2010-03-02 14:27:46,349.221542,335.809021,4028,995.25,3328,1912.25,485.5,57.24224475
"258",2010-03-02 14:28:46,349.51399225,337.5333255,3405.25,775,2369.25,6748.5,285.5,55.38660125
"259",2010-03-02 14:29:46,349.80178025,337.82028225,601.75,296,560.75,2787.75,302.75,55.386916
"260",2010-03-02 14:30:46,349.4603345,343.86977375,2292,563,1535.75,4798.5,4762.25,47.1011775
"261",2010-03-02 14:31:46,349.451157,330.971344,3412,1049,3511,5518.5,1798,63.808668
"262",2010-03-02 14:32:46,348.2296755,336.925842,2538,993.5,3281,3978.5,3650.5,54.50482
"263",2010-03-02 14:33:46,348.0714725,340.587006,1499,474.5,1127.5,4293.5,5687,49.551762
"264",2010-03-02 14:34:46,348.15345,330.15467875,4700.75,1334.75,4607,5041.75,1647.75,63.17961575
"265",2010-03-02 14:35:46,347.989777,331.296173,5207,1273,4410,1312,1443,61.488068
"266",2010-03-02 14:36:46,347.84053025,331.14704875,4744.25,1119.5,3799.5,1014.25,1447.25,61.488407
"267",2010-03-02 14:37:46,347.588965,330.8959656,4690.4,1208.6,4149.2,521,1456,61.4888716
"268",2010-03-02 14:38:46,346.382477,329.691925,4241,1313,4545,5819.5,1523.5,61.48917
"269",2010-03-02 14:39:46,346.174408,329.484009,3977,921.5,3010,3799,1515,61.4895995
"270",2010-03-02 14:40:46,346.820465,330.1317595,4012,957.5,3162.5,3662.5,1491.5,61.489237
"271",2010-03-02 14:41:46,345.796427333333,329.109608666667,4922.33333333333,1267.66666666667,4389,3018,1520.33333333333,61.489301
"272",2010-03-02 14:42:46,345.9633025,323.26897425,5807,1615.5,5372.5,1500,2684.5,69.27699625
"273",2010-03-02 14:43:46,346.3035965,308.37797525,6693.25,2137.5,6471.75,2192.25,4146.5,89.02134325
"274",2010-03-02 14:44:46,346.315826,308.389923,6500,1810,5795,2421,4146,89.021576
"275",2010-03-02 14:45:46,346.44950125,312.7186355,6904.75,2272.25,6706,2528,3870,83.584957
"276",2010-03-02 14:46:46,347.45210275,304.3353575,7009.5,2374.5,6858.5,2692.5,4491.25,95.75202725
"277",2010-03-02 14:47:46,345.58106225,310.9126815,6664,1915.25,6025,2553.25,4030,84.80024525
"278",2010-03-02 14:48:46,345.6147005,310.946304,6821.5,2127.5,6437,2611,4026,84.799759
"279",2010-03-02 14:49:46,349.62113175,314.9528425,6762.5,2219.75,6612.75,2194.75,3892.75,84.799114
"280",2010-03-02 14:50:46,365.3186415,336.08218425,6511.5,1691.75,5530,2649.25,2990.5,77.75530075
"281",2010-03-02 14:51:46,381.70922125,365.53018175,3535.5,1016.75,3403.5,5783.25,1144,60.83277775
"282",2010-03-02 14:52:46,391.2098465,375.0315705,3649.25,1163.5,3912.25,5257,868.5,60.8321325
"283",2010-03-02 14:53:46,397.06335475,371.01033,5302.25,1665.75,5477.25,6672,2694.75,73.6340445
"284",2010-03-02 14:54:46,396.9889835,365.3172455,5457.75,1608.25,5344,5690.25,3096.25,80.918467
"285",2010-03-02 14:55:46,396.76299325,363.6680985,6327.5,1914.5,6011.25,1922.25,3185,82.76152
"286",2010-03-02 14:56:46,401.169449,368.0745695,6152,1913,6024,1438,3144,82.7608185
"287",2010-03-02 14:57:46,405.7926635,372.696274,5821.5,1683,5516.5,1372,3070,82.760197
"288",2010-03-02 14:58:46,410.22093225,377.12358075,5372.5,1546.75,5200.25,640.75,3016.25,82.7600845
"289",2010-03-02 14:59:46,413.604103,403.63843525,915.5,517.25,1281,6587,6308.25,52.77557275
"290",2010-03-02 15:00:46,416.47091675,406.50235,1275.75,555.25,1448,2989,6231,52.77638075
"291",2010-03-02 15:01:46,417.815582,407.846008,976,487,1161,3010,6219,52.776283
"292",2010-03-02 15:02:46,419.342773,409.373596,659,500,1205,104,6204,52.77562
"293",2010-03-02 15:03:46,421.609467,411.639008,1735,641,1796,4045,6150,52.774887
"294",2010-03-02 15:04:46,425.121643,415.152344,416,411,879,7218,6142,52.774345
"295",2010-03-02 15:05:46,426.916931,416.946106,2298,914,2981,3909,6103,52.774246
"296",2010-03-02 15:06:46,428.896805,418.92526225,442.25,288,507.75,1043.75,6096.75,52.774307
"297",2010-03-02 15:07:46,431.14782675,421.17560575,1740,597.5,1632.5,4174.75,5920.75,52.774431
"298",2010-03-02 15:08:46,432.48837275,422.51619675,245,204.25,322.5,6440.25,6007.5,52.774683
"299",2010-03-02 15:09:46,433.30127,423.3276825,2118.5,719.5,2129.5,4422,5632.5,52.775015
"300",2010-03-02 15:10:46,434.430603,424.456253,789,264,529.5,3799,5576.5,52.775408
"301",2010-03-02 15:11:46,434.949112,424.97464,1342.5,616.5,1702,2526,5587,52.776182
"302",2010-03-02 15:12:46,436.0785825,426.103981,670.75,680.5,1963.25,7393,5711.5,52.7765765
"303",2010-03-02 15:13:46,435.9666515,425.991341,2556.5,862.5,2762.5,4447.25,5357.75,52.7767785
"304",2010-03-02 15:14:46,434.701675,424.72718075,641.5,507.25,1234.75,6180,5779.5,52.776802
"305",2010-03-02 15:15:46,434.7416535,424.76604475,657.25,309,593.25,2969.75,5640.25,52.776901
"306",2010-03-02 15:16:46,435.031403,425.05545,2791,1051,3539,4169,5475,52.776863
"307",2010-03-02 15:17:46,435.3438185,425.36817125,1617.75,612.25,1680.75,3928.25,5467,52.776759
"308",2010-03-02 15:18:46,435.2079044,425.2309508,633.2,184,360.2,3793.4,5498.4,52.7771934
"309",2010-03-02 15:19:46,434.156555,424.180328,1393,573,1511,3683,5638,52.777512
"310",2010-03-02 15:20:46,433.602722,423.62558,888,540,1381,1608,5845,52.777863
"311",2010-03-02 15:21:46,432.512146,422.535126,1070,504,1222,3171,5891,52.778061
"312",2010-03-02 15:22:46,431.634094,421.656555,523,113,134,3892,5919,52.778625
"313",2010-03-02 15:23:46,430.302673,420.326996,103,308,561,7526,6104,52.778252
"314",2010-03-02 15:24:46,429.93914775,419.96386725,779.75,347,708.75,2456.25,6058.5,52.7777545
"315",2010-03-02 15:25:46,431.0009305,421.02565,1070,429,1040,3236,5994,52.777157
"316",2010-03-02 15:26:46,431.480936666667,421.505198333333,1328.33333333333,443.666666666667,1148,4166.66666666667,5890.66666666667,52.776395
"317",2010-03-02 15:27:46,431.6119385,421.6362915,756.5,341.5,657,3117.5,5968,52.775717
"318",2010-03-02 15:28:46,431.24224125,421.2686465,1548.25,596.75,1664.25,3835,5953.25,52.7751115
"319",2010-03-02 15:29:46,431.692474,421.717499,542,197,285,3314,5950,52.774742
"320",2010-03-02 15:30:46,431.56586475,421.59333075,1105,462.75,1161.5,3482.5,5949,52.77390525
"321",2010-03-02 15:31:46,431.827454,421.855957,955,709,2075,17,6026,52.773117
"322",2010-03-02 15:32:46,433.632843,423.662384,936,655,1865,115,5872,52.772484
"323",2010-03-02 15:33:46,434.91037,424.938538,795,380,775,3097,5577,52.772133
"324",2010-03-02 15:34:46,435.855324,425.8825685,1053.25,406.75,867.75,3676.5,5417.25,52.772138
"325",2010-03-02 15:35:46,436.99053225,427.017601,826.5,255.75,658.75,2950,5355,52.7726355
"326",2010-03-02 15:36:46,438.1198728,428.1468632,689.8,181.4,259.2,3818.2,5259,52.7731656
"327",2010-03-02 15:37:46,439.161957,429.187332,1221,484,1300,6032,5264.5,52.7738305
"328",2010-03-02 15:38:46,440.7024385,430.727112,696.5,282,546.5,3306,5174,52.77466
"329",2010-03-02 15:39:46,440.7454455,430.770378,184.75,405.5,862.75,7493.5,5291.5,52.77523975
"330",2010-03-02 15:40:46,439.177795,429.203247,1687,908,2944,1635,5275,52.775543
"331",2010-03-02 15:41:46,438.60441575,428.62864675,663.75,434.5,963.25,6563,5333.25,52.77563275
"332",2010-03-02 15:42:46,438.32461525,428.34728275,884,238,393.5,4106,5238.75,52.77570175
"333",2010-03-02 15:43:46,437.309677,427.334564,785.5,425.5,927.5,1835,5394,52.775618
"334",2010-03-02 15:44:46,436.782135,426.806488,1370,499.5,1554,6045.5,5505,52.77577
"335",2010-03-02 15:45:46,436.5795135,426.603462,710,459,1123,3044.5,5499.25,52.77571
"336",2010-03-02 15:46:46,436.12776975,426.152138,529,264.5,490.25,2508.25,5493.75,52.77547525
"337",2010-03-02 15:47:46,435.66433725,425.68870525,258.5,156.5,231.25,6508,5685.25,52.775008
"338",2010-03-02 15:48:46,435.573883,425.598328,2024,729,2171,4216,5400,52.774803
"339",2010-03-02 15:49:46,435.143372,425.168732,2179,689,1985,4657,5386,52.774956
"340",2010-03-02 15:50:46,434.539894,424.56420875,574.25,276,589.75,2445,5685.75,52.77551675
"341",2010-03-02 15:51:46,434.37213875,424.3961185,499.75,324.25,620.25,1436.75,5764,52.7761095
"342",2010-03-02 15:52:46,433.9972075,424.02185075,1031.75,559,1464.75,6786.75,5769.75,52.77636225
"343",2010-03-02 15:53:46,433.29479975,423.3191375,1837.5,759,2301.25,3160.25,5740,52.7761075
"344",2010-03-02 15:54:46,433.5141675,423.53803275,2290,207.75,348.75,3883.5,5872.75,52.776035
"345",2010-03-02 15:55:46,433.466455,423.4903322,1787.4,641.6,1978,4124.4,5658.6,52.7757018
"346",2010-03-02 15:56:46,433.5617985,423.5849305,608,310.5,643.5,2763,5805,52.77622
"347",2010-03-02 15:57:46,434.136902,424.1601105,5024,474,1452,5980.5,5821.5,52.7765905
"348",2010-03-02 15:58:46,434.901194333333,424.923146333333,514.333333333333,173.333333333333,275,4942.33333333333,5616.66666666667,52.7768593333333
"349",2010-03-02 15:59:46,435.20885475,425.22998775,1476,564,1527.25,3776.75,5495.5,52.777064
"350",2010-03-02 16:00:46,436.01741025,426.0396575,914,643.25,1814.5,1944.75,5596.75,52.777592
"351",2010-03-02 16:01:46,436.14603425,426.16713725,1363.75,565.25,1464.75,3216.5,5414.25,52.7772205
"352",2010-03-02 16:02:46,436.803314,426.824646,2627,743,2236,5273,5249,52.776901
"353",2010-03-02 16:03:46,437.245422,427.269897,1564,834,2612,2092,5392,52.777054
"354",2010-03-02 16:04:46,437.041046,427.068817,153,224,348,7317,5550,52.777145
"355",2010-03-02 16:05:46,438.176514,428.205017,540,158,209,3628,5276,52.777054
"356",2010-03-02 16:06:46,439.240448,429.269592,2479,706,2056,5154,5160,52.777039
"357",2010-03-02 16:07:46,441.27887,431.308777,999,687,1979,105,5204,52.777191
"358",2010-03-02 16:08:46,442.23859425,432.26942425,1838.25,635.5,1783,4266,5114.25,52.7779565
"359",2010-03-02 16:09:46,443.1488875,433.18158,242,189.25,319.5,6260.75,5161.5,52.77756025
"360",2010-03-02 16:10:46,446.2966066,436.3298826,383,216.2,347.2,1654,5075.2,52.7770814
"361",2010-03-02 16:11:46,448.613739,438.649338,1131,641,1806,5539,5036.5,52.776739
"362",2010-03-02 16:12:46,448.254593,438.289581,2101,727,2210.5,4312.5,5013,52.7774945
"363",2010-03-02 16:13:46,447.0520264,437.0909424,2574.6,1007.2,3322.4,5930.2,5040.4,52.7781342
"364",2010-03-02 16:14:46,444.88813,434.929367,1913.5,644.75,1820,4360.5,5066,52.77841775
"365",2010-03-02 16:15:46,443.397736,433.438507,578,476,1105,50,5138,52.778976
"366",2010-03-02 16:16:46,443.226013,380.219421,7062,2541,7091,2424,4838,121.541679
"367",2010-03-02 16:17:46,440.128784,416.859924,3318,1028,3452,5228,1685,70.035187
"368",2010-03-02 16:18:46,438.99765775,418.34133175,2831,939,3006.75,4753,1277.5,66.6513345
"369",2010-03-02 16:19:46,437.86475375,384.99723075,7191,2558.25,7111.5,2883.5,4414.5,108.40286625
"370",2010-03-02 16:20:46,439.70504775,386.83641825,6889.75,2337.5,6801.75,2343.25,4402.25,108.4020215
"371",2010-03-02 16:21:46,445.3991315,392.52894575,6858.5,2346.75,6815.75,2237.5,4378.75,108.40138975
"372",2010-03-02 16:22:46,448.9806515,396.10942825,7062.25,2514.25,7053.75,2546.25,4347.25,108.40200075
"373",2010-03-02 16:23:46,454.7646255,423.342865,5644.5,1642,5403.25,1104.25,2695.25,80.5988845
"374",2010-03-02 16:24:46,459.618408,439.0694275,3633.5,1137,3883,5473.5,1206,66.5046275
"375",2010-03-02 16:25:46,453.962105,441.6558685,513.5,234.5,450,1172.5,6757.25,55.81996625
"376",2010-03-02 16:26:46,443.06360625,428.4749605,1333.5,651.5,1843.25,2902.5,256.25,58.77778975
"377",2010-03-02 16:27:46,436.385925,425.92984,1171,628,1745,2599,6252,53.419731
"378",2010-03-02 16:28:46,433.870209,415.473206,2331,889,2859,4100,1155,63.711464
"379",2010-03-02 16:29:46,435.452698,417.05426,1066,581,1550,2565,1142,63.712624
"380",2010-03-02 16:30:46,433.579681,420.546661,3136,1165,3991,4264,195,56.759453
"381",2010-03-02 16:31:46,426.463806,415.056458,3216,991,3316,5185,6611,54.649597
"382",2010-03-02 16:32:46,421.28421,409.877747,161,338,640,7455,6817,54.64962
"383",2010-03-02 16:33:46,417.793823,406.38739,1805,1056,3559,109,7158,54.649429
"384",2010-03-02 16:34:46,411.064178,399.656647,961,383,784,3607,7562,54.649193
"385",2010-03-02 16:35:46,403.89058675,392.48314675,34,53.25,59.75,5685.5,7655.75,54.648895
"386",2010-03-02 16:36:46,399.20334625,387.796303,424.75,210.75,385.25,1050.25,17.75,54.648535
"387",2010-03-02 16:37:46,395.77197275,384.3646315,219,130,162.75,3241.25,77,54.64874625
"388",2010-03-02 16:38:46,395.146187,383.7376405,1890.25,524.25,1336.75,4851,46,54.64918725
"389",2010-03-02 16:39:46,394.95335425,383.5439685,783.25,302,627.25,3485.75,80.75,54.64950375
"390",2010-03-02 16:40:46,395.08104725,383.67179125,1366.5,693,2023.25,2840,91,54.6496025
"391",2010-03-02 16:41:46,394.62622825,383.21588925,1728,444.75,1031.75,4721.75,57.25,54.64994825
"392",2010-03-02 16:42:46,393.4394835,382.028366,2004.5,704.5,2072.5,4247,111.5,54.6500035
"393",2010-03-02 16:43:46,393.6219635,382.2108155,765.5,456.5,1118.5,1723,137,54.6501925
"394",2010-03-02 16:44:46,395.08403,383.6718905,1031,430.5,964.5,3463.5,75.5,54.649996
"395",2010-03-02 16:45:46,400.40344275,388.98878475,1106.75,718.5,2122.75,659.25,7.5,54.64998325
"396",2010-03-02 16:46:46,405.9031675,393.6967775,407,330.25,626.5,132.5,5807.75,55.674996
"397",2010-03-02 16:47:46,410.446503,375.572937,5221,1698,5541,6177,3358,85.052643
"398",2010-03-02 16:48:46,413.047455,378.174164,5522.25,1881,5951.5,1548,3331,85.05240625
"399",2010-03-02 16:49:46,414.79952275,379.9247135,4843.5,1598.25,5329,5794.75,3312.75,85.05292875
"400",2010-03-02 16:50:46,415.3134,380.4373625,5212,1632.5,5402,3149.5,3296,85.053322
"401",2010-03-02 16:51:46,415.5738584,380.695563,5294.8,1654.4,5451.8,3962.2,3286.6,85.0539214
"402",2010-03-02 16:52:46,416.1883625,381.30760225,5627.5,1648.75,5437.75,948.75,3251,85.05424875
"403",2010-03-02 16:53:46,416.5497868,381.669867,3983.8,1509.2,5126.2,4333.6,3273.8,85.054401
"404",2010-03-02 16:54:46,417.083405,382.200134,6032,1957,6122,978,3209,85.054749
"405",2010-03-02 16:55:46,417.059479,382.175568,5339,1753,5669,6208,3224,85.054871
"406",2010-03-02 16:56:46,416.963989,382.079041,5883,2115,6431,6217,3226,85.055122
"407",2010-03-02 16:57:46,417.0485685,402.05460325,1235.75,619.75,1712.75,2752,567.25,59.2702965
"408",2010-03-02 16:58:46,417.222473,398.26528925,1395.5,630.25,1747,3040,1255.75,64.40683525
"409",2010-03-02 16:59:46,416.86170175,375.3716965,5014,1679.75,5507,3975.5,3950,93.6130735
"410",2010-03-02 17:00:46,416.5621035,375.0714265,6215,1996.5,6193.5,1329,3919.5,93.613289
"411",2010-03-02 17:01:46,416.05474825,374.56304975,5810.75,2045.25,6300.25,6322.25,3991,93.61371975
"412",2010-03-02 17:02:46,416.932022,375.439774,5879.75,1979.5,6153.25,5283,3914.25,93.6137355
"413",2010-03-02 17:03:46,416.2052242,374.7134036,6296.6,2207.4,6590.8,2023,3958.4,93.6134754
"414",2010-03-02 17:04:46,416.282211,374.78928375,6376.25,2191,6562.75,2779.25,3943.75,93.61311925
"415",2010-03-02 17:05:46,416.13694775,374.6443025,6168,2081,6365.25,2444.25,3958.25,93.61231425
"416",2010-03-02 17:06:46,416.056641,336.226685,7312,2750,7337,2802,6120,143.30722
"417",2010-03-02 17:07:46,415.7438505,367.2449265,5109.25,1748,5489.5,4916.5,4360.75,102.69649675
"418",2010-03-02 17:08:46,415.208542,377.15346525,5726.75,1966.5,6098.75,4870.25,3785,89.15977275
"419",2010-03-02 17:09:46,415.018448,376.9640505,5174,1752.5,5669,5779,3801,89.1597635
"420",2010-03-02 17:10:46,414.7284395,376.673584,5473,1802.5,5760,6701,3802,89.1597025
"421",2010-03-02 17:11:46,414.535538,380.526108,5449,1687.5,5523,3579,3152,83.917225
"422",2010-03-02 17:12:46,414.63726775,390.06479625,3095.5,1191.25,4086.75,4042.75,2284.5,71.68607925
"423",2010-03-02 17:13:46,414.8700865,390.29775975,3434,1189.5,4094.75,4704.75,2273.5,71.68550325
"424",2010-03-02 17:14:46,414.537735,378.74346125,5041.5,1815.75,5814.5,4869.75,3701.75,86.232044
"425",2010-03-02 17:15:46,414.425789,378.63243125,5487.75,1854,5843.25,6662.25,3694.5,86.231787
"426",2010-03-02 17:16:46,414.88030225,379.08611275,5744,1906,6001.75,6834.25,3670.5,86.23168
"427",2010-03-02 17:17:46,414.803022424242,398.637567515151,859.818181818182,642.69696969697,1820.42424242424,6817.78787878788,540.333333333333,60.7907963030303
"428",2010-03-02 17:18:46,415.020523,394.5203395,1903,775.5,2444,3608.5,1564.5,66.408592
"429",2010-03-02 17:19:46,415.0010835,380.9793395,4361,1594.5,5255,4762,3129.5,83.9361385
"430",2010-03-02 17:20:46,414.7886355,391.3424375,1920.5,997.5,3257,1503.5,1984.5,70.2289465
"431",2010-03-02 17:21:46,414.610535,389.4107515,2843,1173,4011.5,3595.5,2402.5,72.5022585
"432",2010-03-02 17:22:46,414.52063,389.07031275,3288.5,1185,4066,4471.75,2512,72.82749725
"433",2010-03-02 17:23:46,414.578278,393.239105,2851,1320,4576,2747,1638,67.500786
"434",2010-03-02 17:24:46,414.84404,372.70089,6560,2240.75,6591.25,3416.5,3874.25,94.46373575
"435",2010-03-02 17:25:46,414.522247,351.28245575,7215.75,2685.25,7266.75,2477.5,4874,121.81172375
"436",2010-03-02 17:26:46,414.5437315,389.7268215,2682.5,1083,3670,3698,2326.5,72.0087355
"437",2010-03-02 17:27:46,414.71058625,389.893097,4038.75,1413.5,4822.25,4809.5,2314.75,72.008673
"438",2010-03-02 17:28:46,414.5817565,389.76486225,2207.25,1131.25,3850.75,1195,2336.5,72.00863425
"439",2010-03-02 17:29:46,415.2005,395.175415,3553,1068,3609,5512,1526,65.795517
"440",2010-03-02 17:30:46,415.101868,382.435181,4363,1672,5493,4199,2959,82.182709
"441",2010-03-02 17:31:46,415.238892,392.568909,3398,1185,4077,4619,1705,69.22451
"442",2010-03-02 17:32:46,414.611374,391.44781475,2191.5,1236.25,4279.25,6479.75,1908.75,69.86768125
"443",2010-03-02 17:33:46,414.53566725,395.76692175,1516,971.5,3192.75,1990.25,1247.75,64.172377
"444",2010-03-02 17:34:46,414.73829625,395.968567,1498.5,875,2787.5,920.5,1239.25,64.1727235
"445",2010-03-02 17:35:46,414.80387875,391.172653,3231.25,1243,4292.75,4096.5,2057.25,70.47703925
"446",2010-03-02 17:36:46,414.8216855,381.8668975,5281,1662.5,5460,6652,2966,82.5615385
"447",2010-03-02 17:37:46,414.580612,390.102707,2642,1307,4513.5,1517,2319,71.576321
"448",2010-03-02 17:38:46,414.885971,388.500244,3325,1359.5,4713.5,3320.5,2647,74.051422
"449",2010-03-02 17:39:46,415.063583,396.609924,2300,1029.5,3454.5,2634,1189,63.770565
"450",2010-03-02 17:40:46,414.9555055,372.286865,4916,1764,5695.5,5138.5,4078.5,95.159313
"451",2010-03-02 17:41:46,415.3259885,387.9977415,4739.5,1640,5419.5,5220.5,2705,75.2746505
"452",2010-03-02 17:42:46,414.91664875,387.589935,4307.25,1567,5080,4631.25,2719.5,75.27381125
"453",2010-03-02 17:43:46,414.96978775,389.883751,2658.5,992.5,3283.25,4126,2354.5,72.36780325
"454",2010-03-02 17:44:46,414.820801,395.1745,2293,1124,3833,2481,1423,65.31646
"455",2010-03-02 17:45:46,414.96703325,395.32073225,3279.25,1157,3956.5,4454.5,1409.75,65.31636825
"456",2010-03-02 17:46:46,415.261169,347.13156925,7196.25,2708,7292.25,2071.25,4893.25,128.16060675
"457",2010-03-02 17:47:46,414.72335025,346.593384,7274,2702.25,7285.75,2737.75,4902.25,128.160934
"458",2010-03-02 17:48:46,414.099373,345.9716875,7304,2821.25,7420.5,2665,4928.25,128.160843
"459",2010-03-02 17:49:46,414.5499115,346.4217985,7290.5,2712.5,7295,2793,4911.5,128.160767
"460",2010-03-02 17:50:46,414.1156674,356.7904296,6869,2583,7142.4,4955.4,4797.6,114.1584748
"461",2010-03-02 17:51:46,414.1718295,356.84729,7070,2618,7188,2100.5,4792.25,114.1582795
"462",2010-03-02 17:52:46,414.49224875,357.169464,6802.75,2610,7179,5328.75,4795,114.1579625
"463",2010-03-02 17:53:46,414.305389,388.260925,4328,1683,5512,4066,2625,73.614632
"464",2010-03-02 17:54:46,414.391731,392.21962,3248,1373.25,4746.75,3405.25,1843.25,68.59503575
"465",2010-03-02 17:55:46,414.95533,394.0740205,908.75,668,1915.5,1952.75,1584,66.92172025
"466",2010-03-02 17:56:46,414.937851,356.5341645,6662.5,2492,7000.5,4124,4827.5,115.561905
"467",2010-03-02 17:57:46,414.7238155,356.320343,6760.5,2430,6932,1551,4831,115.5616035
"468",2010-03-02 17:58:46,414.9803465,372.637787,5539,2020.5,6222,5582,4067.5,94.7433625
"469",2010-03-02 17:59:46,415.15744,337.7901305,7291,2726,7311,2710,5161,140.14106
"470",2010-03-02 18:00:46,415.54505175,389.475197,3998.75,1549.25,5224.75,4097.25,2605.5,73.64937025
"471",2010-03-02 18:01:46,416.038017,399.42591875,649,584.5,1642,7529.25,627.75,61.3907685
"472",2010-03-02 18:02:46,415.658447,368.329773,6847,2451,6976,1832,4213,101.203896
"473",2010-03-02 18:03:46,415.25473,367.928253,3923,1773,5711,1785,4297,101.203621
"474",2010-03-02 18:04:46,415.6466445,368.3189925,5803.5,2176,6528,3898.25,4274.5,101.2036495
"475",2010-03-02 18:05:46,416.1467435,368.8172,6211.5,2299.5,6703.5,3265,4212.5,101.2036055
"476",2010-03-02 18:06:46,415.6055422,368.2760496,5689.6,2129.2,6324.8,2036.4,4271.8,101.20365
"477",2010-03-02 18:07:46,415.523438,368.192963,5706,1872,5932,6875,4270,101.203674
"478",2010-03-02 18:08:46,415.984497,368.653748,5815,1777,5721,975,4207,101.203644
"479",2010-03-02 18:09:46,400.96926875,373.4515455,1015,259.5,432,4189,2808.5,75.5234355
"480",2010-03-02 18:10:46,352.27066775,323.2148895,1539.75,752.5,2265.75,1480.75,3160.5,77.52745425
"481",2010-03-02 18:11:46,414.722717,377.1745755,5693,1717,5449.5,1105,3520.5,88.5224725
"482",2010-03-02 18:12:46,429.7421875,386.389954,6549.5,2359.5,6847,813,4051.5,96.0421635
"483",2010-03-02 18:13:46,432.5593565,383.7261505,6856.5,2454.5,6971.5,1835.5,4185.5,103.1470795
"484",2010-03-02 18:14:46,434.402313,385.5705415,6951.5,2568,7125,1730.5,4168,103.147003
"485",2010-03-02 18:15:46,435.5082095,399.9705205,5792,2119,6433,5799.5,3090.5,85.9185065
"486",2010-03-02 18:16:46,435.68467725,400.14885675,3429.5,1591.75,5319,1238.25,3108,85.91761775
"487",2010-03-02 18:17:46,436.81004325,401.27507025,5779.25,2057.75,6318.5,4270.25,3060.75,85.91677675
"488",2010-03-02 18:18:46,438.969849,403.435547,3681,1368,4730,4339,3035,85.91571
"489",2010-03-02 18:19:46,439.873169,413.166443,2460,876,2791,4383,2381,74.473206
"490",2010-03-02 18:20:46,439.585022,412.880951,2683,1241,4296,2875,2429,74.472816
"491",2010-03-02 18:21:46,439.374329,412.670166,189,223,346,7235,2497,74.472237
"492",2010-03-02 18:22:46,439.557922,412.853851,1280,586,1578,3264,2417,74.472115
"493",2010-03-02 18:23:46,439.803284,413.10044875,823.5,649.5,1834.5,1815,2448,74.47232775
"494",2010-03-02 18:24:46,439.798355,413.096222,861.5,520.5,1417,4987,2437.5,74.4728965
"495",2010-03-02 18:25:46,439.7101745,413.00740075,1552.5,803.5,2338.25,1065,2435.75,74.47362175
"496",2010-03-02 18:26:46,438.91189575,412.209976,2774.75,1436,4916.25,2598.5,2523.5,74.4745485
"497",2010-03-02 18:27:46,439.660919,412.957764,972,608,1665,779,2448,74.475395
"498",2010-03-02 18:28:46,439.199188,412.494843,3002,1146,3919,4126,2431,74.4757
"499",2010-03-02 18:29:46,439.140602,412.43718725,503,619,1708,5701.25,2547,74.4759885
"500",2010-03-02 18:30:46,439.5231095,412.81985475,293.5,393.75,914,7449.25,2516.5,74.47574425
"501",2010-03-02 18:31:46,438.674591,411.97228975,2020.75,1066,3599,3484.25,2532,74.475437
"502",2010-03-02 18:32:46,438.48228425,411.77989975,155.5,169.75,301,7276,2562.25,74.4749165
"503",2010-03-02 18:33:46,438.17839775,417.6367645,300.25,291,649.5,5755.25,1462.25,66.48925575
"504",2010-03-02 18:34:46,438.28171525,408.26199375,1538.25,800,2449.75,2247.75,2807.25,78.7738435
"505",2010-03-02 18:35:46,437.56837425,379.9948275,6545.5,2426,6939.5,5481,4717.5,114.48887075
"506",2010-03-02 18:36:46,437.300049,383.188934,5729,1955,6115,6445,4475,110.001465
"507",2010-03-02 18:37:46,436.279694,382.169434,5725,2036,6283,5958,4492,110.001122
"508",2010-03-02 18:38:46,434.628082,380.516876,6023,1941,6078,1002,4516,110.001183
"509",2010-03-02 18:39:46,433.414551,379.305511,5018,1577,5283,6265,4536,110.001656
"510",2010-03-02 18:40:46,432.623871,378.513702,6041,2097,6399,272,4551,110.001953
"511",2010-03-02 18:41:46,431.43415075,377.325066,6632.5,2413.5,6893.25,802.25,4566,110.00135275
"512",2010-03-02 18:42:46,430.572838,376.46521,6027.25,2222.75,6618,6184.75,4597,110.00134275
"513",2010-03-02 18:43:46,430.724052,376.616501,6387.25,2396,6898.5,6533,4589.75,110.00129325
"514",2010-03-02 18:44:46,429.5830995,375.4766235,5610.5,1995,6199,5809.5,4626,110.001152
"515",2010-03-02 18:45:46,428.0608825,373.955078,5813,2045,6296,6387.5,4684.5,110.0009425
"516",2010-03-02 18:46:46,428.024057666667,373.917744666667,5499.33333333333,1895,5915.66666666667,4073.66666666667,4685,110.000933333333
"517",2010-03-02 18:47:46,428.2692715,374.15917225,5841,2089.5,6380.5,6356,4671,110.00086
"518",2010-03-02 18:48:46,428.2108385,374.09506225,6117,2267.75,6696.5,4557.25,4675,110.001066
"519",2010-03-02 18:49:46,428.706085,374.577423,6083,2241,6655,6292,4648,110.001335
